City_ID,City,Country,Date,Lat,Lng,Max Temp,Humidity,Cloudiness,Wind Speed
0,Punta Arenas,CL,2022-06-12 22:51:33,-53.15,-70.9167,48.31,81,75,5.75
1,Fuxin,CN,2022-06-12 22:51:34,42.0156,121.6589,63.73,85,96,7.92
2,Victoria,HK,2022-06-12 22:49:32,22.2855,114.1577,83.97,86,100,11.99
3,Burnie,AU,2022-06-12 22:51:34,-41.0667,145.9167,45.37,74,4,6.31
4,Wilkie,CA,2022-06-12 22:51:35,52.4168,-108.7014,66.58,64,76,15.5
5,Koslan,RU,2022-06-12 22:51:35,63.4564,48.8989,45.32,62,78,2.8
6,Busselton,AU,2022-06-12 22:51:36,-33.65,115.3333,59.5,73,100,22.03
7,Waitara,NZ,2022-06-12 22:51:36,-38.925,174.25,57.22,69,81,28.48
8,Comodoro Rivadavia,AR,2022-06-12 22:51:37,-45.8667,-67.5,55.26,28,0,6.91
9,Gramsh,AL,2022-06-12 22:51:38,40.8697,20.1844,66.74,76,68,7.78
10,Los Llanos De Aridane,ES,2022-06-12 22:51:38,28.6585,-17.9182,66.13,94,100,11.5
11,Parrita,CR,2022-06-12 22:51:39,9.5201,-84.3225,75.0,92,100,5.86
12,Rikitea,PF,2022-06-12 22:51:39,-23.1203,-134.9692,73.22,71,40,9.98
13,Mataura,NZ,2022-06-12 22:51:40,-46.1927,168.8643,43.48,96,80,13.31
14,Jamestown,US,2022-06-12 22:50:57,42.097,-79.2353,73.02,53,97,1.99
15,Santa Lucia,ES,2022-06-12 22:49:56,27.9117,-15.5407,62.76,78,20,23.02
16,Iqaluit,CA,2022-06-12 22:51:40,63.7506,-68.5145,42.53,65,100,17.27
17,Kutum,SD,2022-06-12 22:51:41,14.2,24.6667,78.28,42,79,5.1
18,Mar Del Plata,AR,2022-06-12 22:51:41,-38.0023,-57.5575,53.1,67,0,3.44
19,Albany,US,2022-06-12 22:50:11,42.6001,-73.9662,69.58,76,96,3.0
20,Bluff,NZ,2022-06-12 22:51:42,-46.6,168.3333,43.81,80,98,34.02
21,Chuguyevka,RU,2022-06-12 22:51:42,44.1653,133.8633,64.13,69,89,3.85
22,Alofi,NU,2022-06-12 22:51:42,-19.0595,-169.9187,80.49,78,3,13.8
23,Atasu,KZ,2022-06-12 22:51:43,48.6814,71.6433,60.26,61,43,7.29
24,Vaini,TO,2022-06-12 22:51:43,-21.2,-175.2,80.76,89,40,9.22
25,Atambua,ID,2022-06-12 22:49:18,-9.1061,124.8925,70.57,76,66,5.64
26,Saint-Philippe,RE,2022-06-12 22:51:44,-21.3585,55.7679,69.39,88,82,13.62
27,Avarua,CK,2022-06-12 22:46:57,-21.2078,-159.775,80.65,69,40,12.66
28,Kapaa,US,2022-06-12 22:51:44,22.0752,-159.319,82.11,75,20,16.11
29,Puerto Ayora,EC,2022-06-12 22:51:45,-0.7393,-90.3518,78.76,91,51,11.01
30,Bandarbeyla,SO,2022-06-12 22:51:45,9.4942,50.8122,79.32,76,88,28.19
31,Norman Wells,CA,2022-06-12 22:51:46,65.282,-126.8329,41.04,93,100,13.8
32,Touros,BR,2022-06-12 22:51:46,-5.1989,-35.4608,76.95,83,42,9.15
33,Skjervoy,NO,2022-06-12 22:51:46,70.0311,20.9714,44.6,80,96,5.95
34,Imbituba,BR,2022-06-12 22:51:47,-28.24,-48.6703,57.85,86,0,8.99
35,Atuona,PF,2022-06-12 22:51:47,-9.8,-139.0333,77.9,67,73,16.42
36,Butaritari,KI,2022-06-12 22:51:47,3.0707,172.7902,82.24,69,15,13.47
37,Naze,JP,2022-06-12 22:51:48,28.3667,129.4833,70.72,91,100,22.06
38,Ushuaia,AR,2022-06-12 22:51:48,-54.8,-68.3,42.46,93,40,11.5
39,New Norfolk,AU,2022-06-12 22:51:49,-42.7826,147.0587,45.72,84,61,1.01
40,Pisco,PE,2022-06-12 22:51:49,-13.7,-76.2167,62.65,82,75,8.05
41,Cape Town,ZA,2022-06-12 22:51:49,-33.9258,18.4232,61.21,84,75,23.02
42,Kidal,ML,2022-06-12 22:51:50,18.4411,1.4078,89.78,30,22,10.33
43,Tuktoyaktuk,CA,2022-06-12 22:51:50,69.4541,-133.0374,33.8,93,100,9.22
44,Khatanga,RU,2022-06-12 22:51:51,71.9667,102.5,61.92,40,100,10.78
45,Tasiilaq,GL,2022-06-12 22:52:51,65.6145,-37.6368,35.49,99,100,5.26
46,Clyde River,CA,2022-06-12 22:52:52,70.4692,-68.5914,37.63,65,100,8.05
47,Georgetown,MY,2022-06-12 22:48:46,5.4112,100.3354,76.95,99,20,2.3
48,Bethel,US,2022-06-12 22:52:53,41.3712,-73.414,70.65,87,98,1.01
49,Maarianhamina,AX,2022-06-12 22:52:53,60.0973,19.9348,55.26,82,0,5.75
50,Yellowknife,CA,2022-06-12 22:52:54,62.456,-114.3525,66.72,52,75,11.5
51,Nur,PL,2022-06-12 22:52:54,52.6683,22.3221,58.03,76,63,7.23
52,Airai,TL,2022-06-12 22:52:55,-8.9266,125.4092,58.12,79,94,3.09
53,Senanga,ZM,2022-06-12 22:52:55,-16.1167,23.2667,53.11,53,1,3.0
54,San Patricio,US,2022-06-12 22:52:56,28.017,-97.5169,100.54,48,51,20.36
55,Faanui,PF,2022-06-12 22:52:57,-16.4833,-151.75,79.79,75,39,23.49
56,Kruisfontein,ZA,2022-06-12 22:52:57,-34.0033,24.7314,67.89,35,100,5.84
57,Gamba,GA,2022-06-12 22:52:58,-2.65,10.0,74.97,90,10,6.2
58,East London,ZA,2022-06-12 22:48:52,-33.0153,27.9116,75.9,29,100,11.59
59,Bati,ET,2022-06-12 22:52:58,11.1833,40.0167,77.41,23,72,3.56
60,Hobart,AU,2022-06-12 22:52:33,-42.8794,147.3294,46.06,80,40,4.61
61,Diamantino,BR,2022-06-12 22:52:59,-14.4086,-56.4461,63.1,69,73,5.88
62,Saskylakh,RU,2022-06-12 22:52:59,71.9167,114.0833,63.82,41,8,7.87
63,Jieshi,CN,2022-06-12 22:53:00,22.8134,115.8257,80.82,87,99,12.41
64,Saint George,US,2022-06-12 22:49:40,37.1041,-113.5841,105.64,5,0,20.71
65,Ostersund,SE,2022-06-12 22:53:00,63.1792,14.6357,52.25,93,100,0.0
66,Bredasdorp,ZA,2022-06-12 22:53:01,-34.5322,20.0403,62.64,53,100,12.19
67,Moerai,PF,2022-06-12 22:53:02,-22.4333,-151.3333,75.87,69,93,14.79
68,Opuwo,NA,2022-06-12 22:53:02,-18.0607,13.84,55.94,52,0,2.71
69,Great Falls,US,2022-06-12 22:49:08,47.5002,-111.3008,67.59,41,100,8.05
70,Krapivinskiy,RU,2022-06-12 22:53:03,54.9992,86.8133,61.38,89,83,4.09
71,Lagoa,PT,2022-06-12 22:53:03,39.05,-27.9833,61.79,79,17,24.63
72,Hilo,US,2022-06-12 22:50:27,19.7297,-155.09,92.28,85,100,6.91
73,Lorengau,PG,2022-06-12 22:53:04,-2.0226,147.2712,82.81,76,77,10.49
74,Nikolskoye,RU,2022-06-12 22:53:05,59.7035,30.7861,58.89,95,95,3.04
75,Dedougou,BF,2022-06-12 22:53:05,12.4667,-3.4667,88.18,46,19,8.95
76,Karpathos,GR,2022-06-12 22:53:06,35.507,27.2132,71.56,78,3,19.57
77,Chuy,UY,2022-06-12 22:51:10,-33.6971,-53.4616,47.86,91,2,6.51
78,Sorland,NO,2022-06-12 22:53:06,67.667,12.6934,49.86,92,100,13.09
79,Cooma,AU,2022-06-12 22:53:07,-36.2333,149.1333,37.17,93,100,5.75
80,Andenes,NO,2022-06-12 22:53:07,69.3143,16.1194,44.58,87,100,14.97
81,Goderich,CA,2022-06-12 22:51:32,43.7501,-81.7165,59.32,82,100,6.91
82,Stokmarknes,NO,2022-06-12 22:53:08,68.5646,14.9108,48.18,87,100,6.91
83,Juntas,CR,2022-06-12 22:53:09,10.2809,-84.9595,74.08,97,100,8.43
84,Souillac,MU,2022-06-12 22:53:09,-20.5167,57.5167,71.98,88,75,12.66
85,Boyolangu,ID,2022-06-12 22:53:10,-8.1181,111.8935,74.95,91,100,1.05
86,Pangnirtung,CA,2022-06-12 22:53:10,66.1451,-65.7125,32.76,92,97,1.74
87,Hermanus,ZA,2022-06-12 22:53:10,-34.4187,19.2345,65.8,76,100,20.13
88,Cayenne,GF,2022-06-12 22:53:11,4.9333,-52.3333,82.09,1,0,2.3
89,Bathsheba,BB,2022-06-12 22:53:11,13.2167,-59.5167,83.01,78,20,19.57
90,Araouane,ML,2022-06-12 22:53:12,18.9048,-3.5265,90.82,27,18,15.64
91,Ponta Do Sol,PT,2022-06-12 22:53:12,32.6667,-17.1,70.72,82,5,1.01
92,Sao Filipe,CV,2022-06-12 22:53:13,14.8961,-24.4956,73.54,84,8,1.32
93,Barrow,US,2022-06-12 22:54:13,71.2906,-156.7887,35.94,71,92,6.62
94,Ahuimanu,US,2022-06-12 22:50:57,21.4447,-157.8378,85.14,66,40,21.85
95,Ballina,AU,2022-06-12 22:54:14,-28.8667,153.5667,56.01,70,98,7.9
96,Dalby,AU,2022-06-12 22:54:14,-27.1833,151.2667,46.98,88,75,7.76
97,Pundaguitan,PH,2022-06-12 22:54:15,6.3711,126.1689,82.26,74,97,6.67
98,Ancud,CL,2022-06-12 22:54:16,-41.8697,-73.8203,50.23,84,100,12.26
99,Guadalajara,MX,2022-06-12 22:50:55,20.6667,-103.3333,71.26,59,53,8.25
100,Oga,IT,2022-06-12 22:54:16,46.4631,10.347,57.88,65,0,2.89
101,Olafsvik,IS,2022-06-12 22:54:17,64.8945,-23.7142,47.26,83,100,6.17
102,Cagliari,IT,2022-06-12 22:54:17,39.245,9.0912,74.95,56,0,4.61
103,Katsuura,JP,2022-06-12 22:54:18,35.1333,140.3,68.45,70,100,6.58
104,Leningradskiy,RU,2022-06-12 22:54:19,69.3833,178.4167,36.23,76,100,12.59
105,Ola,RU,2022-06-12 22:54:19,59.5833,151.2833,46.15,86,71,5.48
106,Takoradi,GH,2022-06-12 22:54:20,4.8845,-1.7554,76.8,82,73,6.58
107,Leiyang,CN,2022-06-12 22:54:20,26.4024,112.8591,71.01,99,100,3.15
108,Safranbolu,TR,2022-06-12 22:54:21,41.2508,32.6942,59.54,98,100,1.77
109,Kimberley,ZA,2022-06-12 22:54:21,-28.7323,24.7623,47.89,61,100,8.05
110,Cockburn Town,TC,2022-06-12 22:54:22,21.4612,-71.1419,84.16,70,40,18.41
111,The Valley,AI,2022-06-12 22:54:22,18.217,-63.0578,84.06,74,40,14.97
112,Zhigansk,RU,2022-06-12 22:54:23,66.7697,123.3711,50.27,95,100,4.85
113,Zambezi,ZM,2022-06-12 22:54:24,-13.5432,23.1047,54.61,61,0,4.92
114,Nemuro,JP,2022-06-12 22:54:24,43.3236,145.575,46.18,96,100,18.32
115,Estepa,ES,2022-06-12 22:54:24,37.2926,-4.879,76.8,24,35,9.01
116,Lososina,RU,2022-06-12 22:54:25,48.9975,140.3106,55.13,72,4,8.52
117,Acapulco,MX,2022-06-12 22:54:25,16.8634,-99.8901,84.65,68,37,9.24
118,Torbay,CA,2022-06-12 22:54:26,47.6666,-52.7314,68.77,60,20,18.41
119,Nynashamn,SE,2022-06-12 22:54:27,58.9034,17.9479,55.17,86,73,13.76
120,Soyo,AO,2022-06-12 22:54:27,-6.1349,12.3689,73.58,91,61,5.35
121,Hobe Sound,US,2022-06-12 22:54:28,27.0595,-80.1364,90.0,58,98,7.65
122,Dikson,RU,2022-06-12 22:54:28,73.5069,80.5464,29.7,95,100,16.89
123,Grand Gaube,MU,2022-06-12 22:54:29,-20.0064,57.6608,72.0,83,81,5.01
124,Ribeira Grande,PT,2022-06-12 22:54:29,38.5167,-28.7,62.85,76,14,23.76
125,Sola,VU,2022-06-12 22:54:30,-13.8833,167.55,80.37,77,35,11.1
126,Ketchikan,US,2022-06-12 22:54:31,55.3422,-131.6461,55.56,68,96,4.61
127,Marawi,PH,2022-06-12 22:54:31,7.9986,124.2928,72.37,88,84,1.39
128,Severo-Kurilsk,RU,2022-06-12 22:54:32,50.6789,156.125,45.3,86,39,9.1
129,Tilichiki,RU,2022-06-12 22:54:32,60.4667,166.1,48.81,57,44,1.86
130,Mahebourg,MU,2022-06-12 22:54:33,-20.4081,57.7,71.89,88,75,12.66
131,Honiara,SB,2022-06-12 22:50:43,-9.4333,159.95,84.13,62,16,3.89
132,Lebu,CL,2022-06-12 22:54:34,-37.6167,-73.65,48.78,90,100,9.08
133,Rio Gallegos,AR,2022-06-12 22:54:34,-51.6226,-69.2181,46.45,76,0,1.14
134,Bambous Virieux,MU,2022-06-12 22:54:34,-20.3428,57.7575,71.85,88,75,12.66
135,Tiksi,RU,2022-06-12 22:54:35,71.6872,128.8694,43.05,72,41,4.52
136,Port Elizabeth,ZA,2022-06-12 22:54:35,-33.918,25.5701,71.31,32,0,8.05
137,Malinyi,TZ,2022-06-12 22:54:36,-8.9333,36.1333,63.03,74,21,3.42
138,Sao Felix Do Xingu,BR,2022-06-12 22:54:36,-6.6447,-51.995,74.53,87,72,1.39
139,Hithadhoo,MV,2022-06-12 22:55:37,-0.6,73.0833,83.62,73,100,9.04
140,Santa Fe,AR,2022-06-12 22:53:42,-31.6333,-60.7,59.02,57,0,1.99
141,Poronaysk,RU,2022-06-12 22:55:37,49.2167,143.1167,49.48,84,78,5.82
142,Japura,ID,2022-06-12 22:55:38,-0.3167,102.35,73.22,98,99,2.93
143,Bol,TD,2022-06-12 22:55:38,13.4586,14.7147,82.96,71,66,8.99
144,Corsicana,US,2022-06-12 22:55:39,32.0954,-96.4689,106.75,17,0,13.04
145,Perry,US,2022-06-12 22:51:15,37.2506,-83.1999,84.38,67,99,1.41
146,Wanning,CN,2022-06-12 22:55:40,18.8003,110.3967,81.82,90,99,12.24
147,Loandjili,CG,2022-06-12 22:55:40,-4.7561,11.8578,74.28,91,19,4.38
148,Chokurdakh,RU,2022-06-12 22:55:41,70.6333,147.9167,60.48,24,8,13.15
149,San Quintin,MX,2022-06-12 22:55:41,30.4833,-115.95,72.32,68,1,15.57
150,Vardo,NO,2022-06-12 22:55:41,70.3705,31.1107,44.58,70,20,8.05
151,Milford,US,2022-06-12 22:55:42,41.2223,-73.0565,71.78,82,40,5.75
152,Ambulu,ID,2022-06-12 22:55:42,-8.345,113.6058,74.93,91,70,2.82
153,Ascension,US,2022-06-12 22:55:43,30.2169,-90.9001,94.08,65,0,8.05
154,Cabedelo,BR,2022-06-12 22:52:12,-6.9811,-34.8339,75.87,81,8,8.97
155,Ihosy,MG,2022-06-12 22:55:44,-22.4,46.1167,53.96,95,36,7.49
156,Kavieng,PG,2022-06-12 22:55:44,-2.5744,150.7967,82.0,78,80,13.96
157,Coquimbo,CL,2022-06-12 22:55:44,-29.9533,-71.3436,51.53,87,40,9.22
158,Iberia,US,2022-06-12 22:55:45,29.9502,-91.7507,93.06,68,14,14.27
159,Chegdomyn,RU,2022-06-12 22:55:45,51.1167,133.0167,66.67,74,100,0.49
160,Carnarvon,AU,2022-06-12 22:55:46,-24.8667,113.6333,64.47,71,19,14.54
161,Vestmannaeyjar,IS,2022-06-12 22:55:46,63.4427,-20.2734,46.81,90,100,10.11
162,Nuuk,GL,2022-06-12 22:55:46,64.1835,-51.7216,31.87,73,100,13.0
163,Provideniya,RU,2022-06-12 22:55:47,64.3833,-173.3,40.32,63,92,1.83
164,Willmar,US,2022-06-12 22:55:48,45.1219,-95.0433,91.35,27,0,12.66
165,Aykhal,RU,2022-06-12 22:55:48,66.0,111.5,58.82,44,24,8.37
166,Thompson,CA,2022-06-12 22:55:49,55.7435,-97.8558,75.36,31,75,6.91
167,Richards Bay,ZA,2022-06-12 22:55:49,-28.783,32.0377,60.42,67,0,9.86
168,Timmins,CA,2022-06-12 22:51:57,48.4669,-81.3331,55.22,82,100,8.05
169,Naples,IT,2022-06-12 22:53:20,40.8333,14.25,75.85,57,0,1.14
170,Novobirilyussy,RU,2022-06-12 22:55:50,56.9514,90.6661,59.81,86,4,5.21
171,Upernavik,GL,2022-06-12 22:55:50,72.7868,-56.1549,30.49,75,91,8.72
172,Melipilla,CL,2022-06-12 22:55:51,-33.7,-71.2167,50.81,88,5,3.31
173,Saint-Leu,RE,2022-06-12 22:55:51,-21.15,55.2833,70.32,77,38,10.54
174,Cidreira,BR,2022-06-12 22:55:52,-30.1811,-50.2056,53.15,65,96,15.95
175,Port Lincoln,AU,2022-06-12 22:55:52,-34.7333,135.8667,52.65,79,99,10.89
176,Huatulco,MX,2022-06-12 22:55:53,15.8436,-96.3267,83.86,73,75,6.91
177,Otuzco,PE,2022-06-12 22:55:54,-7.9,-78.5833,51.24,72,61,1.95
178,Celestun,MX,2022-06-12 22:55:54,20.8667,-90.4,82.78,73,61,16.75
179,Scarborough,GB,2022-06-12 22:53:38,54.2797,-0.4044,50.94,84,7,1.99
180,Kuytun,RU,2022-06-12 22:55:54,54.3419,101.5036,60.1,77,100,6.06
181,Sakakah,SA,2022-06-12 22:55:55,29.9697,40.2064,90.97,21,0,9.22
182,Caucaia,BR,2022-06-12 22:54:59,-3.7361,-38.6531,81.03,74,0,6.91
183,Haines Junction,CA,2022-06-12 22:56:56,60.7522,-137.5108,60.75,41,100,6.91
184,Arraial Do Cabo,BR,2022-06-12 22:56:17,-22.9661,-42.0278,67.86,68,75,13.8
185,Chany,RU,2022-06-12 22:56:57,55.3121,76.7647,56.12,90,7,7.76
186,Vostok,RU,2022-06-12 22:56:57,46.4856,135.8833,62.62,51,4,1.66
187,Constitucion,CL,2022-06-12 22:56:08,-35.3333,-72.4167,49.95,90,99,0.85
188,Mackay,AU,2022-06-12 22:56:58,-21.15,149.2,60.67,53,0,7.78
189,Areosa,PT,2022-06-12 22:56:58,41.7178,-8.8571,69.31,82,1,3.51
190,Umea,SE,2022-06-12 22:56:59,63.8284,20.2597,52.92,100,100,2.3
191,Kodiak,US,2022-06-12 22:56:59,57.79,-152.4072,57.83,71,22,7.52
192,Morant Bay,JM,2022-06-12 22:57:00,17.8815,-76.4093,82.02,83,97,12.77
193,Batagay,RU,2022-06-12 22:57:00,67.6333,134.6333,68.43,31,70,12.66
194,Dutlwe,BW,2022-06-12 22:57:01,-23.9833,23.9,54.79,47,0,7.81
195,Sosnogorsk,RU,2022-06-12 22:57:01,63.6023,53.8817,42.28,64,3,4.88
196,Laguna,US,2022-06-12 22:57:02,38.421,-121.4238,85.75,53,0,19.57
197,Yeppoon,AU,2022-06-12 22:57:03,-23.1333,150.7333,55.18,56,1,4.72
198,Nedjo,ET,2022-06-12 22:57:03,9.5046,35.5019,59.4,93,83,1.5
199,Srednekolymsk,RU,2022-06-12 22:57:04,67.45,153.6833,64.58,31,11,4.47
200,Qaanaaq,GL,2022-06-12 22:57:05,77.484,-69.3632,29.98,73,7,7.43
201,Cherskiy,RU,2022-06-12 22:57:05,68.75,161.3,66.83,30,29,2.89
202,Klyuchi,RU,2022-06-12 22:57:05,52.2667,79.1667,69.6,43,99,5.64
203,Palmer,US,2022-06-12 22:57:06,42.1584,-72.3287,70.97,74,75,4.0
204,Meulaboh,ID,2022-06-12 22:57:06,4.1363,96.1285,75.78,82,100,4.45
205,Qaqortoq,GL,2022-06-12 22:57:07,60.7167,-46.0333,38.79,93,99,4.14
206,Shenjiamen,CN,2022-06-12 22:57:07,29.9576,122.298,69.3,97,100,3.58
207,Kindu,CD,2022-06-12 22:57:08,-2.95,25.95,71.78,76,96,3.09
208,Mogocha,RU,2022-06-12 22:54:40,53.7333,119.7667,55.08,95,100,3.31
209,Monte Carmelo,BR,2022-06-12 22:52:47,-18.7247,-47.4986,62.46,55,98,7.56
210,Egvekinot,RU,2022-06-12 22:57:08,66.3167,-179.1667,43.86,42,100,1.05
211,Madaras,HU,2022-06-12 22:57:09,46.0587,19.2612,64.2,74,0,8.05
212,Nha Trang,VN,2022-06-12 22:56:12,12.25,109.1833,78.8,86,98,3.74
213,Bosaso,SO,2022-06-12 22:57:09,11.2842,49.1816,93.96,38,100,17.31
214,Bengkulu,ID,2022-06-12 22:57:10,-3.8004,102.2655,75.63,85,100,4.32
215,Soe,ID,2022-06-12 22:57:11,-9.8607,124.284,63.68,82,90,4.12
216,Kaitangata,NZ,2022-06-12 22:57:12,-46.2817,169.8464,41.27,95,62,15.52
217,Nahrin,AF,2022-06-12 22:57:12,36.0649,69.1334,68.0,60,52,3.15
218,Makakilo City,US,2022-06-12 22:57:13,21.3469,-158.0858,82.62,57,0,19.8
219,Geraldton,AU,2022-06-12 22:57:13,-28.7667,114.6,57.61,82,40,8.05
220,Marsaxlokk,MT,2022-06-12 22:57:14,35.8419,14.5431,72.21,68,0,5.75
221,Canyon Lake,US,2022-06-12 22:57:15,29.8752,-98.2625,106.92,29,0,5.01
222,Chapais,CA,2022-06-12 22:57:15,49.7834,-74.8492,56.98,95,98,7.25
223,Ponta Delgada,PT,2022-06-12 22:57:16,37.7333,-25.6667,64.51,88,75,10.36
224,Pingliang,CN,2022-06-12 22:57:16,35.5392,106.6861,63.95,35,0,6.53
225,Turukhansk,RU,2022-06-12 22:57:17,65.8167,87.9833,62.08,78,99,10.2
226,Raudeberg,NO,2022-06-12 22:57:18,61.9875,5.1352,50.67,92,100,20.87
227,Manokwari,ID,2022-06-12 22:58:18,-0.8667,134.0833,81.64,72,60,5.95
228,Dunedin,NZ,2022-06-12 22:57:21,-45.8742,170.5036,48.79,53,36,8.01
229,Bontang,ID,2022-06-12 22:58:19,0.1333,117.5,76.12,90,100,3.56
230,Gweta,BW,2022-06-12 22:58:19,-20.1833,25.2333,57.18,47,0,6.85
231,Conceicao Do Araguaia,BR,2022-06-12 22:58:20,-8.2578,-49.2647,80.42,62,100,4.09
232,Ayorou,NE,2022-06-12 22:58:20,14.7308,0.9174,94.06,35,3,3.85
233,Meridian,US,2022-06-12 22:58:06,43.6121,-116.3915,63.95,80,100,0.0
234,Port Alfred,ZA,2022-06-12 22:54:12,-33.5906,26.891,78.19,27,100,5.99
235,Kochinda,IN,2022-06-12 22:58:21,21.7333,84.35,81.3,62,70,3.69
236,Andros Town,BS,2022-06-12 22:58:21,24.7,-77.7667,84.16,73,7,12.75
237,Bograd,RU,2022-06-12 22:58:22,54.2344,90.8328,63.82,81,97,3.83
238,Okhotsk,RU,2022-06-12 22:58:23,59.3833,143.3,45.1,85,100,6.62
239,Lazaro Cardenas,MX,2022-06-12 22:58:23,17.9583,-102.2,86.0,65,28,10.94
240,Mount Isa,AU,2022-06-12 22:58:24,-20.7333,139.5,55.17,54,0,9.22
241,Aleksandrov Gay,RU,2022-06-12 22:58:24,50.147,48.5704,58.28,57,7,7.61
242,Anadyr,RU,2022-06-12 22:58:25,64.75,177.4833,54.1,50,0,4.47
243,Tomatlan,MX,2022-06-12 22:58:25,19.9333,-105.25,90.21,51,12,10.98
244,Hirara,JP,2022-06-12 22:58:26,24.8,125.2833,82.26,94,75,11.5
245,Tual,ID,2022-06-12 22:58:27,-5.6667,132.75,83.12,74,100,11.1
246,Moron,AR,2022-06-12 22:58:27,-34.6534,-58.6198,55.92,69,45,3.65
247,Praia Da Vitoria,PT,2022-06-12 22:58:27,38.7333,-27.0667,62.76,94,40,22.01
248,Garden City,US,2022-06-12 22:58:28,42.3256,-83.331,80.62,61,75,7.07
249,Guerrero Negro,MX,2022-06-12 22:55:29,27.9769,-114.0611,73.99,59,14,17.36
250,Sorong,ID,2022-06-12 22:57:24,-0.8833,131.25,77.85,88,100,7.65
251,Bara,NG,2022-06-12 22:58:29,10.3744,10.7288,78.24,72,85,9.8
252,Urucui,BR,2022-06-12 22:58:29,-7.2294,-44.5561,77.4,78,86,3.56
253,Bacolod,PH,2022-06-12 22:58:30,10.6667,122.95,80.94,77,93,0.98
254,Pinotepa Nacional,MX,2022-06-12 22:58:30,16.3167,-98.0167,82.8,66,30,6.8
255,Castro,BR,2022-06-12 22:58:31,-24.7911,-50.0119,40.28,69,0,2.82
256,Hofn,IS,2022-06-12 22:57:38,64.2539,-15.2082,50.18,91,91,9.42
257,Arroyo,ES,2022-06-12 22:58:32,41.6096,-4.7969,71.64,60,0,8.05
258,Whitehorse,CA,2022-06-12 22:56:42,60.7161,-135.0538,49.01,93,100,12.66
259,Kaura Namoda,NG,2022-06-12 22:58:32,12.5898,6.5779,88.39,39,34,2.75
260,Nisko,PL,2022-06-12 22:58:33,50.5199,22.1397,62.85,80,51,3.29
261,Westport,US,2022-06-12 22:58:33,41.1415,-73.3579,72.45,86,40,5.75
262,Te Anau,NZ,2022-06-12 22:58:34,-45.4167,167.7167,36.0,99,98,1.86
263,Visakhapatnam,IN,2022-06-12 22:57:57,17.69,83.2093,82.72,66,100,5.26
264,Eureka,US,2022-06-12 22:58:34,40.8021,-124.1637,61.93,76,94,8.01
265,Petropavlovsk-Kamchatskiy,RU,2022-06-12 22:58:35,53.0452,158.6483,57.79,44,0,4.47
266,Qandala,SO,2022-06-12 22:58:35,11.472,49.8728,90.5,51,97,2.1
267,Taoudenni,ML,2022-06-12 22:58:35,22.6783,-3.9836,94.77,25,34,16.62
268,Abu Dhabi,AE,2022-06-12 22:54:42,24.4667,54.3667,87.91,87,0,9.22
269,Aklavik,CA,2022-06-12 22:58:36,68.2191,-135.0107,43.92,70,96,13.89
270,Khorixas,NA,2022-06-12 22:58:37,-20.3667,14.9667,58.98,47,0,2.28
271,Udgir,IN,2022-06-12 22:58:37,18.3833,77.1167,79.81,59,85,11.1
272,Lucea,JM,2022-06-12 22:58:38,18.451,-78.1736,84.06,77,96,16.67
273,Vila Franca Do Campo,PT,2022-06-12 22:58:39,37.7167,-25.4333,64.2,84,49,3.18
274,Gumdag,TM,2022-06-12 22:59:39,39.2061,54.5906,79.5,30,1,7.16
275,Tiznit,MA,2022-06-12 22:59:40,29.5833,-9.5,72.41,67,38,2.59
276,Prince Rupert,CA,2022-06-12 22:59:09,54.3161,-130.3201,51.49,89,100,12.66
277,Beloha,MG,2022-06-12 22:59:40,-25.1667,45.05,60.94,74,0,7.85
278,Quatre Cocos,MU,2022-06-12 22:59:41,-20.2078,57.7625,71.71,78,94,17.11
279,Sibolga,ID,2022-06-12 22:57:02,1.7427,98.7792,75.09,85,100,3.98
280,Alugan,PH,2022-06-12 22:59:41,12.2188,125.4808,82.02,78,83,5.53
281,Rawson,AR,2022-06-12 22:59:42,-43.3002,-65.1023,57.79,29,100,8.77
282,Pacific Grove,US,2022-06-12 22:59:42,36.6177,-121.9166,76.33,81,76,5.99
283,Inverell,AU,2022-06-12 22:59:43,-29.7833,151.1167,45.66,82,81,3.0
284,Mount Pleasant,US,2022-06-12 22:57:59,32.7941,-79.8626,87.06,78,0,16.11
285,Cilegon,ID,2022-06-12 22:59:43,-6.0174,106.0538,78.22,82,100,6.13
286,Rovaniemi,FI,2022-06-12 22:59:44,66.5,25.7167,53.01,82,0,8.05
287,Yulara,AU,2022-06-12 22:56:35,-25.2406,130.9889,50.18,57,0,5.26
288,Baglan,AF,2022-06-12 22:59:44,36.1307,68.7083,75.56,48,49,3.36
289,Cansancao,BR,2022-06-12 22:59:45,-10.6672,-39.4992,72.3,68,8,4.88
290,Abalak,RU,2022-06-12 22:59:45,58.1286,68.5944,54.9,99,99,6.69
291,Ler,SS,2022-06-12 22:59:46,8.3018,30.1418,78.96,61,60,1.48
292,Port Macquarie,AU,2022-06-12 22:55:57,-31.4333,152.9167,52.9,60,3,6.82
293,Kholodnyy,RU,2022-06-12 22:59:46,62.7167,147.95,53.83,46,1,0.98
294,Henties Bay,NA,2022-06-12 22:59:47,-22.116,14.2845,63.46,60,0,5.03
295,Namtsy,RU,2022-06-12 22:59:47,62.7161,129.6658,56.48,70,4,8.68
296,Gornopravdinsk,RU,2022-06-12 22:59:47,60.05,69.9,52.68,98,100,7.81
297,Eyl,SO,2022-06-12 22:59:48,7.9803,49.8164,80.85,67,85,24.05
298,Port Hardy,CA,2022-06-12 22:59:48,50.6996,-127.4199,55.58,67,75,10.36
299,Pitimbu,BR,2022-06-12 22:59:48,-7.4706,-34.8086,75.79,80,7,7.92
300,Nouadhibou,MR,2022-06-12 22:59:49,20.931,-17.0347,67.98,88,0,20.71
301,Pierre,US,2022-06-12 22:56:34,44.3683,-100.351,91.06,54,13,7.0
302,Cabo San Lucas,MX,2022-06-12 22:59:49,22.8909,-109.9124,87.06,58,4,17.83
303,Tuatapere,NZ,2022-06-12 22:56:15,-46.1333,167.6833,46.56,83,100,20.69
304,Lompoc,US,2022-06-12 22:59:50,34.6391,-120.4579,85.69,67,7,15.01
305,Loralai,PK,2022-06-12 22:59:50,30.3705,68.598,74.77,49,25,3.91
306,Port Blair,IN,2022-06-12 22:59:51,11.6667,92.75,81.41,80,100,9.01
307,Sitka,US,2022-06-12 22:59:51,57.0531,-135.33,52.72,76,100,2.59
308,Lazurne,UA,2022-06-12 22:59:51,46.084,32.5295,69.89,78,1,11.56
309,Lavrentiya,RU,2022-06-12 22:56:48,65.5833,-171.0,40.55,61,99,3.09
310,Tripoli,LY,2022-06-12 22:56:22,32.8752,13.1875,71.62,75,0,4.59
311,Kirkuk,IQ,2022-06-12 22:59:52,35.4681,44.3922,87.13,18,0,2.46
312,Altamira,BR,2022-06-12 22:59:52,-3.2033,-52.2064,72.28,96,72,1.36
313,Shimoda,JP,2022-06-12 22:59:53,34.6667,138.95,68.11,71,100,10.74
314,Ilulissat,GL,2022-06-12 22:59:53,69.2167,-51.1,34.27,72,100,10.65
315,Flinders,AU,2022-06-12 22:59:54,-34.5833,150.8552,57.38,76,3,1.99
316,Abha,SA,2022-06-12 22:59:55,18.2164,42.5053,69.62,46,0,0.0
317,Sambava,MG,2022-06-12 22:59:55,-14.2667,50.1667,69.06,83,2,10.16
318,Talnakh,RU,2022-06-12 22:59:56,69.4865,88.3972,60.21,45,99,4.18
319,Sur,OM,2022-06-12 22:59:56,22.5667,59.5289,81.82,84,2,10.78
320,Charters Towers,AU,2022-06-12 23:00:57,-20.1,146.2667,55.11,50,0,9.46
321,Gemena,CD,2022-06-12 23:00:57,3.25,19.7667,69.12,98,100,1.39
322,Vanavara,RU,2022-06-12 23:00:58,60.34,102.2797,59.77,59,98,3.76
323,Kirando,TZ,2022-06-12 23:00:58,-7.4167,30.6,74.8,64,76,10.51
324,Isangel,VU,2022-06-12 23:00:59,-19.55,169.2667,79.99,79,100,2.66
325,Ambilobe,MG,2022-06-12 23:00:59,-13.2,49.05,66.72,85,24,3.47
326,San Francisco Del Rincon,MX,2022-06-12 23:00:59,21.0167,-101.85,87.66,27,46,11.34
327,West Wendover,US,2022-06-12 23:01:00,40.7391,-114.0733,91.29,15,62,32.75
328,Kandrian,PG,2022-06-12 23:01:00,-6.2167,149.55,80.69,84,38,5.44
329,Banda Aceh,ID,2022-06-12 23:01:01,5.5577,95.3222,78.98,68,100,2.39
330,Jiwani,PK,2022-06-12 23:01:01,25.05,61.7417,83.08,83,11,4.7
331,Sechura,PE,2022-06-12 23:01:02,-5.5569,-80.8222,69.08,66,26,17.94
332,Tres Arroyos,AR,2022-06-12 23:01:02,-38.3739,-60.2798,48.74,62,77,9.48
333,Vila Velha,BR,2022-06-12 22:59:02,-20.3297,-40.2925,71.55,92,100,11.99
334,Sao Joao Da Barra,BR,2022-06-12 23:01:03,-21.6403,-41.0511,68.18,80,95,16.06
335,Arman,RU,2022-06-12 23:01:04,59.7,150.1667,46.02,79,27,5.3
336,Morgan City,US,2022-06-12 23:01:04,29.6994,-91.2068,90.0,63,8,9.82
337,Virginia Beach,US,2022-06-12 23:00:44,36.8529,-75.978,83.01,80,55,3.0
338,Vao,NC,2022-06-12 23:01:05,-22.6667,167.4833,71.35,75,100,8.01
339,Udachnyy,RU,2022-06-12 22:58:52,66.4167,112.4,61.16,44,34,11.03
340,Sinnamary,GF,2022-06-12 23:01:05,5.3833,-52.95,78.37,84,8,7.61
341,Fuerte Olimpo,PY,2022-06-12 23:01:06,-21.0415,-57.8738,54.28,37,0,5.93
342,Nelson Bay,AU,2022-06-12 22:59:35,-32.7167,152.15,53.01,74,4,1.99
343,Yuli,NG,2022-06-12 23:01:07,9.6989,10.2744,77.29,78,96,4.79
344,Plettenberg Bay,ZA,2022-06-12 23:01:07,-34.0527,23.3716,66.22,51,100,0.94
345,La Palma,US,2022-06-12 23:01:08,33.8464,-118.0467,93.92,64,0,12.66
346,Abbeville,FR,2022-06-12 23:01:08,50.1,1.8333,57.16,95,31,8.01
347,Arona,ES,2022-06-12 23:01:09,28.0996,-16.681,67.82,82,75,5.75
348,Elizabeth City,US,2022-06-12 23:01:02,36.2946,-76.2511,79.05,82,72,7.29
349,El Jicaro,GT,2022-06-12 23:01:10,14.9167,-89.9,81.0,86,95,4.21
350,Tucurui,BR,2022-06-12 23:01:10,-3.7661,-49.6725,75.45,90,41,2.93
351,Asfi,MA,2022-06-12 23:01:11,32.2994,-9.2372,70.84,86,71,10.76
352,Harlow,GB,2022-06-12 23:01:11,51.7766,0.1116,59.72,63,47,4.61
353,Suluq,LY,2022-06-12 23:01:12,31.6682,20.2521,72.99,68,0,12.68
354,Missoula,US,2022-06-12 23:01:13,47.0166,-113.8009,60.67,46,100,0.96
355,Kahului,US,2022-06-12 22:56:26,20.8947,-156.47,80.96,87,7,11.99
356,Saldanha,ZA,2022-06-12 23:01:14,-33.0117,17.9442,59.23,91,100,16.4
357,Korla,CN,2022-06-12 23:01:14,41.7597,86.1469,80.31,14,8,8.86
358,Yenangyaung,MM,2022-06-12 23:01:15,20.4667,94.8833,79.29,81,78,12.1
359,Barra Do Garcas,BR,2022-06-12 23:01:15,-15.89,-52.2567,72.48,52,100,2.98
360,Narsaq,GL,2022-06-12 23:01:16,60.9167,-46.05,48.42,93,99,3.02
361,Sept-Iles,CA,2022-06-12 22:59:01,50.2001,-66.3821,61.32,63,75,9.22
362,Katy,US,2022-06-12 23:01:16,29.7858,-95.8244,101.3,43,0,12.66
363,La Romana,DO,2022-06-12 23:01:17,18.4273,-68.9728,82.15,69,11,11.52
364,Kampot,KH,2022-06-12 23:01:17,10.6167,104.1833,79.39,85,100,4.7
365,Klaksvik,FO,2022-06-12 23:01:18,62.2266,-6.589,47.32,96,95,14.99
366,Katangli,RU,2022-06-12 23:01:19,51.7102,143.2326,58.23,67,87,5.61
367,Kavaratti,IN,2022-06-12 22:56:52,10.5669,72.642,82.92,71,100,20.02
368,Bubaque,GW,2022-06-12 23:02:20,11.2833,-15.8333,80.71,80,73,11.83
369,Namwala,ZM,2022-06-12 23:02:20,-15.7504,26.4384,52.61,69,1,3.78
370,Carballo,ES,2022-06-12 23:02:21,43.213,-8.691,67.01,88,93,11.32
371,Poyarkovo,RU,2022-06-12 23:02:22,49.6,128.6833,67.19,73,100,4.7
372,Barcelos,PT,2022-06-12 23:02:22,41.5388,-8.6151,75.85,72,0,3.42
373,Macas,EC,2022-06-12 22:59:17,-2.3167,-78.1167,71.35,73,75,5.75
374,Port Augusta,AU,2022-06-12 23:02:23,-32.5,137.7667,49.73,74,39,3.67
375,Hobyo,SO,2022-06-12 23:02:24,5.3505,48.5268,78.69,79,99,25.23
376,Sisimiut,GL,2022-06-12 23:02:24,66.9395,-53.6735,33.66,72,100,24.63
377,Palladam,IN,2022-06-12 23:02:24,10.9833,77.3,73.6,81,100,13.71
378,Erenhot,CN,2022-06-12 23:02:25,43.6475,111.9767,59.27,59,64,15.7
379,Longyearbyen,SJ,2022-06-12 23:02:25,78.2186,15.6401,39.04,87,100,2.3
380,Ekibastuz,KZ,2022-06-12 23:02:25,51.6667,75.3667,69.37,46,86,10.11
381,Sabancuy,MX,2022-06-12 23:02:26,18.9667,-91.1833,88.0,61,61,7.76
382,Vanimo,PG,2022-06-12 23:02:26,-2.6741,141.3028,79.45,86,33,6.08
383,Tulum,MX,2022-06-12 23:01:12,20.2167,-87.4667,83.39,72,38,7.92
384,Niquero,CU,2022-06-12 23:02:27,20.0431,-77.5828,83.1,74,86,7.16
385,Guerande,FR,2022-06-12 22:59:15,47.3291,-2.4283,56.62,83,1,15.08
386,Ostrovnoy,RU,2022-06-12 23:02:28,68.0531,39.5131,53.74,83,100,12.1
387,Poum,NC,2022-06-12 23:02:28,-20.2333,164.0167,75.27,79,100,9.98
388,Pinar Del Rio,CU,2022-06-12 23:02:29,22.4175,-83.6981,85.33,65,0,5.95
389,Rabat,MA,2022-06-12 23:00:10,33.9911,-6.8401,95.04,94,40,4.61
390,Charlestown,AU,2022-06-12 23:02:12,-32.95,151.6667,54.68,72,2,3.0
391,Jiazi,CN,2022-06-12 23:02:29,22.8779,116.067,80.55,89,100,12.35
392,Omboue,GA,2022-06-12 23:02:30,-1.5746,9.2618,75.45,92,85,6.6
393,Pangody,RU,2022-06-12 23:02:30,65.85,74.4859,57.81,77,88,18.92
394,Caravelas,BR,2022-06-12 23:02:31,-17.7125,-39.2481,72.99,89,100,4.65
395,Northam,GB,2022-06-12 23:02:31,51.0333,-4.2167,56.61,87,63,10.18
396,Dingle,PH,2022-06-12 23:02:31,10.9995,122.6711,80.33,82,76,2.35
397,Nishihara,JP,2022-06-12 23:02:32,26.1842,127.7558,80.65,100,100,13.8
398,Puerto Leguizamo,CO,2022-06-12 23:02:32,-0.1934,-74.7819,66.47,99,100,3.18
399,Coihaique,CL,2022-06-12 22:59:02,-45.5752,-72.0662,39.81,93,75,0.0
400,Necochea,AR,2022-06-12 23:00:10,-38.5473,-58.7368,50.63,57,89,9.17
401,Inuvik,CA,2022-06-12 23:02:33,68.3499,-133.7218,41.45,77,100,12.62
402,Tungor,RU,2022-06-12 23:02:34,53.3808,142.9564,62.47,58,73,12.35
403,Codrington,AU,2022-06-12 23:02:34,-38.2667,141.9667,53.65,82,99,4.23
404,Novobessergenevka,RU,2022-06-12 23:02:34,47.1847,38.8462,71.73,59,12,13.06
405,Luderitz,NA,2022-06-12 23:02:35,-26.6481,15.1594,58.95,62,9,5.06
406,Riyadh,SA,2022-06-12 22:57:59,24.6877,46.7219,86.14,14,0,2.51
407,Zigong,CN,2022-06-12 23:00:32,29.3416,104.7769,69.69,95,100,2.86
408,Kiunga,PG,2022-06-12 23:02:36,-6.1219,141.2906,75.2,97,100,2.3
409,Maningrida,AU,2022-06-12 23:02:36,-12.0667,134.2667,68.04,73,41,12.44
410,Laureles,US,2022-06-12 23:02:37,26.1092,-97.4941,95.14,66,43,13.0
411,Blagoyevo,RU,2022-06-12 23:03:37,63.3667,47.9167,45.32,63,59,2.44
412,Zhuhai,CN,2022-06-12 23:00:11,22.2769,113.5678,82.85,94,40,11.5
413,Makat,KZ,2022-06-12 23:03:38,47.6469,53.3463,68.31,54,35,12.39
414,Zhuanghe,CN,2022-06-12 23:03:38,39.7008,122.9911,67.53,81,69,6.93
415,Eberbach,DE,2022-06-12 23:03:39,49.4694,8.9928,68.05,78,32,4.12
416,Middelburg,ZA,2022-06-12 23:03:39,-25.7751,29.4648,46.15,45,0,0.36
417,Diego De Almagro,CL,2022-06-12 23:03:40,-26.3667,-70.05,56.82,47,0,1.95
418,Konotop,UA,2022-06-12 23:03:40,51.2403,33.2026,59.95,94,2,6.53
419,Mandera,KE,2022-06-12 23:02:17,3.9366,41.867,79.83,61,100,16.6
420,Paracuru,BR,2022-06-12 23:02:27,-3.41,-39.0306,81.1,80,65,8.61
421,Viedma,AR,2022-06-12 23:03:41,-40.8135,-62.9967,57.6,43,99,15.57
422,Mogadishu,SO,2022-06-12 23:00:02,2.0371,45.3438,78.55,82,83,19.01
423,Labuhan,ID,2022-06-12 23:03:41,-6.8844,112.2051,77.59,88,97,5.3
424,Lianyuan,CN,2022-06-12 23:03:42,27.6883,111.6642,69.37,96,100,1.16
425,Zhigalovo,RU,2022-06-12 23:03:42,54.8097,105.1578,62.42,52,100,1.14
426,Mana,GF,2022-06-12 23:03:43,5.6592,-53.7767,78.06,87,5,6.96
427,Kysyl-Syr,RU,2022-06-12 23:03:43,63.8986,122.7617,52.99,81,86,7.4
428,Fort Portal,UG,2022-06-12 23:03:44,0.6617,30.2748,60.98,84,20,2.91
429,Palana,RU,2022-06-12 23:03:44,59.1167,159.9667,38.77,94,100,7.92
430,Ahipara,NZ,2022-06-12 23:03:44,-35.1667,173.1667,57.42,75,78,26.6
431,Fare,PF,2022-06-12 23:03:45,-16.7,-151.0167,79.27,73,47,23.51
432,Riberalta,BO,2022-06-12 23:03:45,-10.9833,-66.1,73.6,56,65,6.91
433,Myitkyina,MM,2022-06-12 23:03:45,25.3833,97.4,73.78,100,100,0.72
434,Sao Raimundo Das Mangabeiras,BR,2022-06-12 23:03:46,-7.0219,-45.4811,79.47,68,98,4.03
435,Mayo,US,2022-06-12 23:03:46,38.8876,-76.5119,82.45,77,0,11.5
436,Santiago Del Estero,AR,2022-06-12 23:03:46,-27.7951,-64.2615,60.49,35,0,9.22
437,Fortuna,US,2022-06-12 23:03:47,40.5982,-124.1573,61.66,85,100,17.27
438,Chimbote,PE,2022-06-12 23:00:31,-9.0853,-78.5783,64.0,83,13,11.83
439,Catuday,PH,2022-06-12 23:03:47,16.2923,119.8062,80.8,76,96,4.79
440,Ust-Maya,RU,2022-06-12 23:03:48,60.4167,134.5333,55.89,93,100,4.27
441,Hambantota,LK,2022-06-12 23:03:48,6.1241,81.1185,80.38,78,90,15.82
442,Dubasari,MD,2022-06-12 23:03:49,47.2631,29.1608,70.59,85,13,8.99
443,Price,US,2022-06-12 23:03:49,39.5994,-110.8107,97.86,4,0,20.71
444,Tateyama,JP,2022-06-12 23:03:49,34.9833,139.8667,68.45,71,100,12.57
445,Krasnyy Chikoy,RU,2022-06-12 23:03:50,50.3643,108.7512,56.95,55,24,1.7
446,Dondo,MZ,2022-06-12 23:03:50,-19.6094,34.7431,63.3,95,4,4.83
447,Lakes Entrance,AU,2022-06-12 23:03:50,-37.8811,147.981,50.16,70,100,9.22
448,Arcata,US,2022-06-12 23:03:05,40.8665,-124.0828,61.93,81,100,13.8
449,Matagami,CA,2022-06-12 23:03:51,49.7502,-77.6328,55.51,94,100,4.61
450,Nueva Loja,EC,2022-06-12 23:03:51,0.0847,-76.8828,64.18,99,100,2.04
451,Mildura,AU,2022-06-12 23:03:52,-34.2,142.15,51.08,84,100,2.59
452,Deputatskiy,RU,2022-06-12 23:03:52,69.3,139.9,59.67,38,0,17.92
453,La Roda,ES,2022-06-12 23:02:08,39.2167,-2.15,73.9,32,17,14.9
454,Yamaranguila,HN,2022-06-12 23:03:53,14.2833,-88.25,65.35,82,75,0.0
455,Pavlovsk,RU,2022-06-12 23:03:53,50.4578,40.1081,61.66,82,53,5.55
456,Nichinan,JP,2022-06-12 23:04:54,31.6,131.3667,70.14,88,100,7.58
457,High Rock,BS,2022-06-12 23:04:54,26.6208,-78.2833,82.96,76,58,9.6
458,Grindavik,IS,2022-06-12 23:04:55,63.8424,-22.4338,45.07,100,100,12.66
459,Napier,NZ,2022-06-12 23:04:55,-39.4833,176.9167,50.29,75,22,11.01
460,Tiarei,PF,2022-06-12 23:04:56,-17.5333,-149.3333,84.22,69,29,21.81
461,Krasnyy Yar,RU,2022-06-12 23:04:56,46.5331,48.3456,66.13,43,90,6.46
462,Yatou,CN,2022-06-12 23:04:57,37.15,122.3833,69.48,76,94,11.5
463,Funadhoo,MV,2022-06-12 23:04:57,6.15,73.2667,82.89,73,100,6.85
464,San Diego De Los Banos,CU,2022-06-12 23:04:58,22.6467,-83.3697,84.31,66,4,3.56
465,Huarmey,PE,2022-06-12 23:04:58,-10.0681,-78.1522,65.52,79,14,11.88
466,Evensk,RU,2022-06-12 23:04:59,61.95,159.2333,43.23,86,100,6.04
467,Novikovo,RU,2022-06-12 23:04:59,51.1537,37.8879,60.64,88,100,7.87
468,Biak,ID,2022-06-12 23:05:00,-0.9131,122.8766,76.89,84,88,2.75
469,Along,IN,2022-06-12 23:05:01,28.1667,94.7667,71.62,99,100,0.81
470,Bentiu,SS,2022-06-12 23:05:01,9.2333,29.8333,81.48,58,97,2.89
471,Boma,GH,2022-06-12 23:05:02,7.0805,-2.1697,70.57,99,73,2.39
472,Genhe,CN,2022-06-12 23:05:03,50.7833,121.5167,58.17,91,99,3.15
473,Bilma,NE,2022-06-12 23:05:04,18.6853,12.9164,94.1,10,12,8.1
474,Maldonado,UY,2022-06-12 23:01:26,-34.6667,-54.9167,47.23,91,2,3.44
475,Kigorobya,UG,2022-06-12 23:05:04,1.6162,31.3089,67.59,74,63,2.89
476,Douglas,US,2022-06-12 23:05:05,41.3,-96.167,91.51,57,0,11.5
477,Naron,ES,2022-06-12 23:05:06,43.5167,-8.1528,66.69,86,94,16.49
478,Lai,TD,2022-06-12 23:05:06,9.3952,16.2989,75.99,80,100,3.11
479,Morro Bay,US,2022-06-12 23:05:07,35.3658,-120.8499,90.19,68,34,5.01
480,Kieta,PG,2022-06-12 23:05:08,-6.2167,155.6333,83.84,70,25,5.57
481,Inhambane,MZ,2022-06-12 23:02:40,-23.865,35.3833,66.78,84,1,3.6
482,Clayton,US,2022-06-12 23:04:19,33.5335,-84.3666,92.43,52,40,10.36
483,Ardakan,IR,2022-06-12 23:05:09,32.31,54.0175,81.18,20,2,1.01
484,Samarai,PG,2022-06-12 23:05:09,-10.6167,150.6667,82.27,76,29,9.48
485,Emba,KZ,2022-06-12 23:05:09,48.8264,58.1442,60.91,81,74,8.61
486,La Ronge,CA,2022-06-12 23:05:10,55.1001,-105.2842,60.22,77,81,10.47
487,Oum Hadjer,TD,2022-06-12 23:05:11,13.2954,19.6966,86.07,42,100,19.13
488,Lerwick,GB,2022-06-12 23:05:11,60.1545,-1.1494,51.8,91,100,20.94
489,Xining,CN,2022-06-12 23:00:12,36.6167,101.7667,51.21,67,95,2.44
490,Mao,ES,2022-06-12 23:04:19,39.8885,4.2658,68.56,88,0,5.75
491,Varhaug,NO,2022-06-12 23:05:12,58.6147,5.6457,51.48,84,89,11.3
492,Pangai,TO,2022-06-12 23:05:12,-19.8,-174.35,79.45,82,17,16.91
493,Tezu,IN,2022-06-12 23:05:13,27.9167,96.1667,72.79,98,100,3.02
494,Ishigaki,JP,2022-06-12 23:05:13,24.3448,124.1572,82.13,89,90,20.51
495,Barahan,PH,2022-06-12 23:05:14,13.0121,120.762,82.09,72,60,3.31
496,Atar,MR,2022-06-12 23:02:19,20.5169,-13.0499,97.61,8,10,5.84
497,George Town,MY,2022-06-12 23:00:16,5.4112,100.3354,76.93,94,20,0.0
498,Nanortalik,GL,2022-06-12 23:05:15,60.1432,-45.2371,38.12,95,100,12.15
499,Tarko-Sale,RU,2022-06-12 23:05:15,64.9225,77.785,60.62,79,83,5.28
500,Watertown,US,2022-06-12 23:04:31,42.3709,-71.1828,74.91,66,75,12.66
501,Anchorage,US,2022-06-12 23:05:33,61.2181,-149.9003,69.31,52,0,9.22
502,Marabba,SD,2022-06-12 23:06:16,12.35,32.1833,85.03,50,65,10.13
503,Abu Samrah,SY,2022-06-12 23:06:17,35.3029,37.1841,68.07,73,0,17.67
504,Phalodi,IN,2022-06-12 23:04:14,27.1333,72.3667,84.96,53,0,13.18
505,Flagstaff,US,2022-06-12 23:03:45,35.1981,-111.6513,90.59,14,20,20.71
506,La Poza,MX,2022-06-12 23:06:17,20.1167,-96.9667,91.44,50,37,15.66
507,Berlevag,NO,2022-06-12 23:06:18,70.8578,29.0864,44.55,70,100,20.71
508,Akureyri,IS,2022-06-12 23:06:18,65.6835,-18.0878,47.53,89,100,2.95
509,Kalat,PK,2022-06-12 23:02:11,29.0225,66.5916,67.53,38,88,2.19
510,Bokoro,TD,2022-06-12 23:06:19,12.3807,17.0568,85.35,52,97,20.49
511,Hun,LY,2022-06-12 23:06:19,29.1268,15.9477,75.97,45,0,6.78
512,Chitrakonda,IN,2022-06-12 23:06:20,18.1167,82.0833,77.22,83,100,1.74
513,Estevan,CA,2022-06-12 23:03:03,49.1334,-102.9842,79.21,44,100,4.59
514,Karlovac,HR,2022-06-12 23:06:20,45.4872,15.5478,68.14,93,0,1.01
515,Xiongzhou,CN,2022-06-12 23:06:21,25.1167,114.3,74.79,99,100,3.04
516,Russell,US,2022-06-12 23:06:21,32.3502,-85.1999,92.01,55,20,4.61
517,Bijar,IR,2022-06-12 23:06:21,35.8668,47.6051,63.14,35,19,4.47
518,Saint-Michel-Des-Saints,CA,2022-06-12 23:06:22,46.6834,-73.9159,59.94,92,96,5.95
519,Kaeo,NZ,2022-06-12 23:06:22,-35.1,173.7833,60.33,77,62,20.24
520,Kurilsk,RU,2022-06-12 23:06:22,45.2333,147.8833,48.54,80,100,9.04
521,Sistranda,NO,2022-06-12 23:06:23,63.7256,8.834,51.76,80,49,25.46
522,Gimli,CA,2022-06-12 23:06:23,50.6336,-96.9907,60.71,93,98,6.22
523,Lincolnton,US,2022-06-12 23:06:24,35.4737,-81.2545,92.59,54,67,1.99
524,Salinopolis,BR,2022-06-12 23:06:24,-0.6136,-47.3561,78.73,83,26,10.4
525,Padang,ID,2022-06-12 23:06:25,-0.9492,100.3543,73.45,78,97,1.9
526,Shar,KZ,2022-06-12 23:06:25,49.5886,81.0453,68.5,53,94,3.67
527,Hasaki,JP,2022-06-12 23:06:26,35.7333,140.8333,68.29,61,100,5.57
528,Dodge City,US,2022-06-12 23:02:36,37.7528,-100.0171,103.69,32,0,11.5
529,Belmopan,BZ,2022-06-12 23:02:38,17.25,-88.7667,89.98,76,61,6.93
530,Yinchuan,CN,2022-06-12 23:06:26,38.4681,106.2731,69.58,16,0,2.77
531,Leh,IN,2022-06-12 23:06:09,34.1667,77.5833,49.64,62,84,3.89
532,Dzaoudzi,YT,2022-06-12 23:06:27,-12.7887,45.2699,75.09,88,0,6.91
533,Manggar,ID,2022-06-12 23:06:27,-2.8833,108.2667,77.83,85,100,0.67
534,Slave Lake,CA,2022-06-12 23:03:47,55.2834,-114.769,62.87,45,91,6.53
535,Marzuq,YE,2022-06-12 23:06:28,14.4,46.4667,81.27,21,100,4.85
536,Siderno,IT,2022-06-12 23:06:28,38.2779,16.302,69.33,73,1,10.25
537,Jacareacanga,BR,2022-06-12 23:03:15,-6.2222,-57.7528,72.73,97,100,2.53
538,Beringovskiy,RU,2022-06-12 23:06:29,63.05,179.3167,43.3,54,79,0.96
539,Rundu,NA,2022-06-12 23:06:29,-17.9333,19.7667,52.5,58,0,5.41
540,Nola,IT,2022-06-12 23:06:30,40.922,14.5329,74.93,58,0,4.65
541,Kenai,US,2022-06-12 23:06:30,60.5544,-151.2583,63.03,83,100,12.66
542,Inirida,CO,2022-06-12 23:06:31,3.8653,-67.9239,70.2,99,100,0.83
543,Swellendam,ZA,2022-06-12 23:06:32,-34.0226,20.4417,59.31,48,100,5.21
544,Ahmadnagar,IN,2022-06-12 23:06:32,19.0833,74.7333,75.04,77,31,10.67
545,Husavik,IS,2022-06-12 23:06:33,66.0449,-17.3389,43.18,92,100,4.54
546,Pocone,BR,2022-06-12 23:06:33,-16.2567,-56.6228,61.93,53,98,5.01
547,Aswan,EG,2022-06-12 23:06:34,24.0934,32.907,92.25,20,0,16.82
548,Maumere,ID,2022-06-12 23:06:34,-8.6199,122.2111,77.85,77,89,7.92
549,Ternate,ID,2022-06-12 23:07:34,0.8,127.4,81.0,78,100,3.87
